Date;Name;Status;Description;Exception
07/11/2024 17:30:35;Conector APP Retenção Tecnica;Error;O caminho 'R:\Conector APP reten tecnica - consulta SAP fin\#material\Arquivos1' é invalido!;"Traceback (most recent call last): <br>   File ""r:\Conector APP reten tecnica - consulta SAP fin\Entities\dependencies\arguments.py"", line 24, in __start <br>     self.__valid_arguments[selected_argv]() #type: ignore <br>     ^^^^^^^^^^^^^^^^^^^^^^^^^^^^^^^^^^^^^^^ <br>   File ""r:\Conector APP reten tecnica - consulta SAP fin\main.py"", line 13, in start <br>     raise Exception(f""O caminho '{target_folder_path}' é invalido!"") <br> Exception: O caminho 'R:\Conector APP reten tecnica - consulta SAP fin\#material\Arquivos1' é invalido! <br> "
07/11/2024 17:52:23;Conector APP Retenção Tecnica;Concluido;Automação Finalizada com Sucesso!;NoneType: None <br> 
07/11/2024 17:57:56;Conector APP Retenção Tecnica;Concluido;Automação Finalizada com Sucesso!;NoneType: None <br> 
07/11/2024 18:02:11;Conector APP Retenção Tecnica;Error;;"Traceback (most recent call last): <br>   File ""r:\Conector APP reten tecnica - consulta SAP fin\Entities\dependencies\arguments.py"", line 24, in __start <br>     self.__valid_arguments[selected_argv]() #type: ignore <br>     ^^^^^^^^^^^^^^^^^^^^^^^^^^^^^^^^^^^^^^^ <br>   File ""r:\Conector APP reten tecnica - consulta SAP fin\main.py"", line 31, in start <br>     if file.esta_pago(): <br>        ^^^^ <br>   File ""C:\Users\renan.oliveira\AppData\Local\Programs\Python\Python312\Lib\bdb.py"", line 90, in trace_dispatch <br>     return self.dispatch_line(frame) <br>            ^^^^^^^^^^^^^^^^^^^^^^^^^ <br>   File ""C:\Users\renan.oliveira\AppData\Local\Programs\Python\Python312\Lib\bdb.py"", line 115, in dispatch_line <br>     if self.quitting: raise BdbQuit <br>                       ^^^^^^^^^^^^^ <br> bdb.BdbQuit <br> "
07/11/2024 18:09:23;Conector APP Retenção Tecnica;Concluido;Automação Finalizada com Sucesso!;NoneType: None <br> 
08/11/2024 09:06:22;Conector APP Retenção Tecnica;Concluido;Automação Finalizada com Sucesso!;NoneType: None <br> 
08/11/2024 10:30:26;Conector APP Retenção Tecnica;Error;;"Traceback (most recent call last): <br>   File ""r:\Conector APP reten tecnica - consulta SAP fin\Entities\dependencies\arguments.py"", line 24, in __start <br>     self.__valid_arguments[selected_argv]() #type: ignore <br>     ^^^^^^^^^^^^^^^^^^^^^^^^^^^^^^^^^^^^^^^ <br>   File ""r:\Conector APP reten tecnica - consulta SAP fin\main.py"", line 26, in start <br>     files = FBL1N().consultar_pagamentos(files) <br>             ^^^^^^^^^^^^^^^^^^^^^^^^^^^^^^^^^^^ <br>   File ""r:\Conector APP reten tecnica - consulta SAP fin\Entities\dependencies\sap.py"", line 62, in wrap <br>     result =  f(_self, *args, **kwargs) <br>               ^^^^^^^^^^^^^^^^^^^^^^^^^ <br>   File ""r:\Conector APP reten tecnica - consulta SAP fin\Entities\fbl1n.py"", line 61, in consultar_pagamentos <br>     sleep(3) <br>     ^^^^^ <br>   File ""C:\Users\renan.oliveira\AppData\Local\Programs\Python\Python312\Lib\bdb.py"", line 90, in trace_dispatch <br>     return self.dispatch_line(frame) <br>            ^^^^^^^^^^^^^^^^^^^^^^^^^ <br>   File ""C:\Users\renan.oliveira\AppData\Local\Programs\Python\Python312\Lib\bdb.py"", line 115, in dispatch_line <br>     if self.quitting: raise BdbQuit <br>                       ^^^^^^^^^^^^^ <br> bdb.BdbQuit <br> "
08/11/2024 10:38:02;Conector APP Retenção Tecnica;Error;;"Traceback (most recent call last): <br>   File ""r:\Conector APP reten tecnica - consulta SAP fin\Entities\dependencies\arguments.py"", line 24, in __start <br>     self.__valid_arguments[selected_argv]() #type: ignore <br>     ^^^^^^^^^^^^^^^^^^^^^^^^^^^^^^^^^^^^^^^ <br>   File ""r:\Conector APP reten tecnica - consulta SAP fin\main.py"", line 26, in start <br>     files = FBL1N().consultar_pagamentos(files) <br>             ^^^^^^^^^^^^^^^^^^^^^^^^^^^^^^^^^^^ <br>   File ""r:\Conector APP reten tecnica - consulta SAP fin\Entities\dependencies\sap.py"", line 62, in wrap <br>     result =  f(_self, *args, **kwargs) <br>               ^^^^^^^^^^^^^^^^^^^^^^^^^ <br>   File ""r:\Conector APP reten tecnica - consulta SAP fin\Entities\fbl1n.py"", line 68, in consultar_pagamentos <br>     df = pd.read_excel(temp_file, dtype=str) <br>          ^^ <br>   File ""C:\Users\renan.oliveira\AppData\Local\Programs\Python\Python312\Lib\bdb.py"", line 90, in trace_dispatch <br>     return self.dispatch_line(frame) <br>            ^^^^^^^^^^^^^^^^^^^^^^^^^ <br>   File ""C:\Users\renan.oliveira\AppData\Local\Programs\Python\Python312\Lib\bdb.py"", line 115, in dispatch_line <br>     if self.quitting: raise BdbQuit <br>                       ^^^^^^^^^^^^^ <br> bdb.BdbQuit <br> "
08/11/2024 10:41:00;Conector APP Retenção Tecnica;Error;;"Traceback (most recent call last): <br>   File ""r:\Conector APP reten tecnica - consulta SAP fin\Entities\dependencies\arguments.py"", line 24, in __start <br>     self.__valid_arguments[selected_argv]() #type: ignore <br>     ^^^^^^^^^^^^^^^^^^^^^^^^^^^^^^^^^^^^^^^ <br>   File ""r:\Conector APP reten tecnica - consulta SAP fin\main.py"", line 26, in start <br>     files = FBL1N().consultar_pagamentos(files) <br>             ^^^^^^^^^^^^^^^^^^^^^^^^^^^^^^^^^^^ <br>   File ""r:\Conector APP reten tecnica - consulta SAP fin\Entities\dependencies\sap.py"", line 62, in wrap <br>     result =  f(_self, *args, **kwargs) <br>               ^^^^^^^^^^^^^^^^^^^^^^^^^ <br>   File ""r:\Conector APP reten tecnica - consulta SAP fin\Entities\fbl1n.py"", line 53, in consultar_pagamentos <br>     self.session.findById(""wnd[0]"").sendVKey(16) <br>     ^^^^ <br>   File ""C:\Users\renan.oliveira\AppData\Local\Programs\Python\Python312\Lib\bdb.py"", line 90, in trace_dispatch <br>     return self.dispatch_line(frame) <br>            ^^^^^^^^^^^^^^^^^^^^^^^^^ <br>   File ""C:\Users\renan.oliveira\AppData\Local\Programs\Python\Python312\Lib\bdb.py"", line 115, in dispatch_line <br>     if self.quitting: raise BdbQuit <br>                       ^^^^^^^^^^^^^ <br> bdb.BdbQuit <br> "
08/11/2024 10:44:57;Conector APP Retenção Tecnica;Error;;"Traceback (most recent call last): <br>   File ""r:\Conector APP reten tecnica - consulta SAP fin\Entities\dependencies\arguments.py"", line 24, in __start <br>     self.__valid_arguments[selected_argv]() #type: ignore <br>     ^^^^^^^^^^^^^^^^^^^^^^^^^^^^^^^^^^^^^^^ <br>   File ""r:\Conector APP reten tecnica - consulta SAP fin\main.py"", line 26, in start <br>     files = FBL1N().consultar_pagamentos(files) <br>             ^^^^^^^^^^^^^^^^^^^^^^^^^^^^^^^^^^^ <br>   File ""r:\Conector APP reten tecnica - consulta SAP fin\Entities\dependencies\sap.py"", line 62, in wrap <br>     result =  f(_self, *args, **kwargs) <br>               ^^^^^^^^^^^^^^^^^^^^^^^^^ <br>   File ""r:\Conector APP reten tecnica - consulta SAP fin\Entities\fbl1n.py"", line 71, in consultar_pagamentos <br>     df = pd.read_excel(temp_file, dtype=str) <br>          ^^ <br>   File ""C:\Users\renan.oliveira\AppData\Local\Programs\Python\Python312\Lib\bdb.py"", line 90, in trace_dispatch <br>     return self.dispatch_line(frame) <br>            ^^^^^^^^^^^^^^^^^^^^^^^^^ <br>   File ""C:\Users\renan.oliveira\AppData\Local\Programs\Python\Python312\Lib\bdb.py"", line 115, in dispatch_line <br>     if self.quitting: raise BdbQuit <br>                       ^^^^^^^^^^^^^ <br> bdb.BdbQuit <br> "
08/11/2024 10:48:27;Conector APP Retenção Tecnica;Concluido;Automação Finalizada com Sucesso!;NoneType: None <br> 
08/11/2024 11:18:16;Conector APP Retenção Tecnica;Concluido;Automação Finalizada com Sucesso!;NoneType: None <br> 
12/11/2024 11:25:05;Conector APP Retenção Tecnica;Concluido;Automação Finalizada com Sucesso!;NoneType: None <br> 
13/11/2024 15:33:53;Conector APP Retenção Tecnica;Error;;"Traceback (most recent call last): <br>   File ""r:\Conector APP reten tecnica - consulta SAP fin\Entities\dependencies\arguments.py"", line 23, in __start <br>     self.__valid_arguments[selected_argv]() #type: ignore <br>     ^^^^^^^^^^^^^^^^^^^^^^^^^^^^^^^^^^^^^^^ <br>   File ""r:\Conector APP reten tecnica - consulta SAP fin\main.py"", line 26, in start <br>     print(P(""consultando pagamentos no SAP"")) <br>     ^^^^^ <br>   File ""C:\Users\renan.oliveira\AppData\Local\Programs\Python\Python312\Lib\bdb.py"", line 90, in trace_dispatch <br>     return self.dispatch_line(frame) <br>            ^^^^^^^^^^^^^^^^^^^^^^^^^ <br>   File ""C:\Users\renan.oliveira\AppData\Local\Programs\Python\Python312\Lib\bdb.py"", line 115, in dispatch_line <br>     if self.quitting: raise BdbQuit <br>                       ^^^^^^^^^^^^^ <br> bdb.BdbQuit <br> "
13/11/2024 16:04:03;Conector APP Retenção Tecnica;Concluido;Automação Finalizada com Sucesso!;NoneType: None <br> 
13/11/2024 16:16:39;Conector APP Retenção Tecnica;Concluido;Automação Finalizada com Sucesso!;NoneType: None <br> 
13/11/2024 16:19:54;Conector APP Retenção Tecnica;Error;Execute.start() missing 1 required positional argument: 'test';"Traceback (most recent call last): <br>   File ""r:\Conector APP reten tecnica - consulta SAP fin\Entities\dependencies\arguments.py"", line 23, in __start <br>     self.__valid_arguments[selected_argv]() #type: ignore <br>     ^^^^^^^^^^^^^^^^^^^^^^^^^^^^^^^^^^^^^^^ <br> TypeError: Execute.start() missing 1 required positional argument: 'test' <br> "
13/11/2024 16:20:05;Conector APP Retenção Tecnica;Concluido;Automação Finalizada com Sucesso!;NoneType: None <br> 
13/11/2024 16:20:19;Conector APP Retenção Tecnica;Concluido;Automação Finalizada com Sucesso!;NoneType: None <br> 
13/11/2024 16:22:25;Conector APP Retenção Tecnica;Concluido;Automação Finalizada com Sucesso!;NoneType: None <br> 
13/11/2024 16:22:53;Conector APP Retenção Tecnica;Concluido;Automação Finalizada com Sucesso!;NoneType: None <br> 
13/11/2024 16:25:54;Conector APP Retenção Tecnica;Concluido;Automação Finalizada com Sucesso!;NoneType: None <br> 
13/11/2024 16:26:40;Conector APP Retenção Tecnica;Concluido;Automação Finalizada com Sucesso!;NoneType: None <br> 
13/11/2024 16:27:08;Conector APP Retenção Tecnica;Concluido;Automação Finalizada com Sucesso!;NoneType: None <br> 
13/11/2024 16:27:48;Conector APP Retenção Tecnica;Concluido;Automação Finalizada com Sucesso!;NoneType: None <br> 
13/11/2024 16:28:24;Conector APP Retenção Tecnica;Concluido;Automação Finalizada com Sucesso!;NoneType: None <br> 
13/11/2024 16:31:42;Conector APP Retenção Tecnica;Concluido;Automação Finalizada com Sucesso!;NoneType: None <br> 
13/11/2024 16:32:07;Conector APP Retenção Tecnica;Concluido;Automação Finalizada com Sucesso!;NoneType: None <br> 
13/11/2024 16:46:05;Conector APP Retenção Tecnica;Concluido;Automação Finalizada com Sucesso!;NoneType: None <br> 
13/11/2024 16:53:06;Conector APP Retenção Tecnica;Concluido;Automação Finalizada com Sucesso!;NoneType: None <br> 
13/11/2024 17:38:26;Conector APP Retenção Tecnica;Error;;"Traceback (most recent call last): <br>   File ""r:\Conector APP reten tecnica - consulta SAP fin\Entities\dependencies\arguments.py"", line 23, in __start <br>     self.__valid_arguments[selected_argv]() #type: ignore <br>     ^^^^^^^^^^^^^^^^^^^^^^^^^^^^^^^^^^^^^^^ <br>   File ""r:\Conector APP reten tecnica - consulta SAP fin\main.py"", line 68, in start_delete_file_off <br>     Execute.start() <br>   File ""r:\Conector APP reten tecnica - consulta SAP fin\main.py"", line 44, in start <br>     for file in files: <br>                 ^^^^^ <br>   File ""C:\Users\renan.oliveira\AppData\Local\Programs\Python\Python312\Lib\bdb.py"", line 90, in trace_dispatch <br>     return self.dispatch_line(frame) <br>            ^^^^^^^^^^^^^^^^^^^^^^^^^ <br>   File ""C:\Users\renan.oliveira\AppData\Local\Programs\Python\Python312\Lib\bdb.py"", line 115, in dispatch_line <br>     if self.quitting: raise BdbQuit <br>                       ^^^^^^^^^^^^^ <br> bdb.BdbQuit <br> "
13/11/2024 17:42:59;Conector APP Retenção Tecnica;Error;;"Traceback (most recent call last): <br>   File ""r:\Conector APP reten tecnica - consulta SAP fin\Entities\dependencies\arguments.py"", line 23, in __start <br>     self.__valid_arguments[selected_argv]() #type: ignore <br>     ^^^^^^^^^^^^^^^^^^^^^^^^^^^^^^^^^^^^^^^ <br>   File ""r:\Conector APP reten tecnica - consulta SAP fin\main.py"", line 68, in start_delete_file_off <br>     Execute.start() <br>   File ""r:\Conector APP reten tecnica - consulta SAP fin\main.py"", line 44, in start <br>     for file in files: <br>                 ^^^^^ <br>   File ""C:\Users\renan.oliveira\AppData\Local\Programs\Python\Python312\Lib\bdb.py"", line 90, in trace_dispatch <br>     return self.dispatch_line(frame) <br>            ^^^^^^^^^^^^^^^^^^^^^^^^^ <br>   File ""C:\Users\renan.oliveira\AppData\Local\Programs\Python\Python312\Lib\bdb.py"", line 115, in dispatch_line <br>     if self.quitting: raise BdbQuit <br>                       ^^^^^^^^^^^^^ <br> bdb.BdbQuit <br> "
13/11/2024 17:50:10;Conector APP Retenção Tecnica;Concluido;Automação Finalizada com Sucesso!;NoneType: None <br> 
13/11/2024 17:55:12;Conector APP Retenção Tecnica;Concluido;Automação Finalizada com Sucesso!;NoneType: None <br> 
13/11/2024 18:13:20;Conector APP Retenção Tecnica;Error;O caminho '\\server008\G\ARQ_PATRIMAR\WORK\Notas Fiscais Digitalizadas\RETENÃ‡ÃƒO TÃ‰CNICA' é invalido!;"Traceback (most recent call last): <br>   File ""r:\Conector APP reten tecnica - consulta SAP fin\Entities\dependencies\arguments.py"", line 23, in __start <br>     self.__valid_arguments[selected_argv]() #type: ignore <br>     ^^^^^^^^^^^^^^^^^^^^^^^^^^^^^^^^^^^^^^^ <br>   File ""r:\Conector APP reten tecnica - consulta SAP fin\main.py"", line 19, in start <br>     raise Exception(f""O caminho '{target_folder_path}' é invalido!"") <br> Exception: O caminho '\\server008\G\ARQ_PATRIMAR\WORK\Notas Fiscais Digitalizadas\RETENÃ‡ÃƒO TÃ‰CNICA' é invalido! <br> "
13/11/2024 18:14:15;Conector APP Retenção Tecnica;Error;O caminho '\\server008\G\ARQ_PATRIMAR\WORK\Notas Fiscais Digitalizadas\RETENï¿½ï¿½O Tï¿½CNICA' é invalido!;"Traceback (most recent call last): <br>   File ""r:\Conector APP reten tecnica - consulta SAP fin\Entities\dependencies\arguments.py"", line 23, in __start <br>     self.__valid_arguments[selected_argv]() #type: ignore <br>     ^^^^^^^^^^^^^^^^^^^^^^^^^^^^^^^^^^^^^^^ <br>   File ""r:\Conector APP reten tecnica - consulta SAP fin\main.py"", line 19, in start <br>     raise Exception(f""O caminho '{target_folder_path}' é invalido!"") <br> Exception: O caminho '\\server008\G\ARQ_PATRIMAR\WORK\Notas Fiscais Digitalizadas\RETENï¿½ï¿½O Tï¿½CNICA' é invalido! <br> "
13/11/2024 18:29:57;Conector APP Retenção Tecnica;Concluido;Automação Finalizada com Sucesso!;NoneType: None <br> 
14/11/2024 12:14:25;Conector APP Retenção Tecnica;Error;"('-1, Microsoft.SharePoint.Client.InvalidClientQueryException', ""Cannot convert a primitive value to the expected type 'Edm.DateTime'. See the inner exception for more details."", ""400 Client Error: Bad Request for url: https://patrimar.sharepoint.com/sites/controle/_api/Web/lists/GetByTitle('RetencaoTecnica')/getItemById('361')"")";"Traceback (most recent call last): <br>   File ""R:\Conector APP reten tecnica - consulta SAP fin\venv\Lib\site-packages\office365\runtime\client_request.py"", line 37, in execute_query <br>     response = self.execute_request_direct(request) <br>                ^^^^^^^^^^^^^^^^^^^^^^^^^^^^^^^^^^^^ <br>   File ""R:\Conector APP reten tecnica - consulta SAP fin\venv\Lib\site-packages\office365\runtime\client_request.py"", line 101, in execute_request_direct <br>     response.raise_for_status() <br>   File ""R:\Conector APP reten tecnica - consulta SAP fin\venv\Lib\site-packages\requests\models.py"", line 1024, in raise_for_status <br>     raise HTTPError(http_error_msg, response=self) <br> requests.exceptions.HTTPError: 400 Client Error: Bad Request for url: https://patrimar.sharepoint.com/sites/controle/_api/Web/lists/GetByTitle('RetencaoTecnica')/getItemById('361') <br>  <br> During handling of the above exception, another exception occurred: <br>  <br> Traceback (most recent call last): <br>   File ""r:\Conector APP reten tecnica - consulta SAP fin\Entities\dependencies\arguments.py"", line 23, in __start <br>     self.__valid_arguments[selected_argv]() #type: ignore <br>     ^^^^^^^^^^^^^^^^^^^^^^^^^^^^^^^^^^^^^^^ <br>   File ""r:\Conector APP reten tecnica - consulta SAP fin\main.py"", line 51, in start <br>     sharepoint.alterar(file.id, coluna='ConclusaoFinanceiro', valor=file.attribuicao) <br>   File ""r:\Conector APP reten tecnica - consulta SAP fin\Entities\sharepoint.py"", line 118, in alterar <br>     self.__ctx.execute_query() <br>   File ""R:\Conector APP reten tecnica - consulta SAP fin\venv\Lib\site-packages\office365\runtime\client_runtime_context.py"", line 173, in execute_query <br>     self.pending_request().execute_query(qry) <br>   File ""R:\Conector APP reten tecnica - consulta SAP fin\venv\Lib\site-packages\office365\runtime\client_request.py"", line 41, in execute_query <br>     raise ClientRequestException(*e.args, response=e.response) <br> office365.runtime.client_request_exception.ClientRequestException: ('-1, Microsoft.SharePoint.Client.InvalidClientQueryException', ""Cannot convert a primitive value to the expected type 'Edm.DateTime'. See the inner exception for more details."", ""400 Client Error: Bad Request for url: https://patrimar.sharepoint.com/sites/controle/_api/Web/lists/GetByTitle('RetencaoTecnica')/getItemById('361')"") <br> "
14/11/2024 12:29:18;Conector APP Retenção Tecnica;Error;;"Traceback (most recent call last): <br>   File ""r:\Conector APP reten tecnica - consulta SAP fin\Entities\dependencies\arguments.py"", line 23, in __start <br>     self.__valid_arguments[selected_argv]() #type: ignore <br>     ^^^^^^^^^^^^^^^^^^^^^^^^^^^^^^^^^^^^^^^ <br>   File ""r:\Conector APP reten tecnica - consulta SAP fin\main.py"", line 52, in start <br>     sharepoint.alterar(file.id, coluna='ConclusaoFinanceiro', valor=file.attribuicao) <br>     ^^^^^^^^^^ <br>   File ""C:\Users\renan.oliveira\AppData\Local\Programs\Python\Python312\Lib\bdb.py"", line 90, in trace_dispatch <br>     return self.dispatch_line(frame) <br>            ^^^^^^^^^^^^^^^^^^^^^^^^^ <br>   File ""C:\Users\renan.oliveira\AppData\Local\Programs\Python\Python312\Lib\bdb.py"", line 115, in dispatch_line <br>     if self.quitting: raise BdbQuit <br>                       ^^^^^^^^^^^^^ <br> bdb.BdbQuit <br> "
14/11/2024 12:31:27;Conector APP Retenção Tecnica;Error;"('-1, Microsoft.SharePoint.Client.InvalidClientQueryException', ""Cannot convert a primitive value to the expected type 'Edm.DateTime'. See the inner exception for more details."", ""400 Client Error: Bad Request for url: https://patrimar.sharepoint.com/sites/controle/_api/Web/lists/GetByTitle('RetencaoTecnica')/getItemById('361')"")";"Traceback (most recent call last): <br>   File ""R:\Conector APP reten tecnica - consulta SAP fin\venv\Lib\site-packages\office365\runtime\client_request.py"", line 37, in execute_query <br>     response = self.execute_request_direct(request) <br>                ^^^^^^^^^^^^^^^^^^^^^^^^^^^^^^^^^^^^ <br>   File ""R:\Conector APP reten tecnica - consulta SAP fin\venv\Lib\site-packages\office365\runtime\client_request.py"", line 101, in execute_request_direct <br>     response.raise_for_status() <br>   File ""R:\Conector APP reten tecnica - consulta SAP fin\venv\Lib\site-packages\requests\models.py"", line 1024, in raise_for_status <br>     raise HTTPError(http_error_msg, response=self) <br> requests.exceptions.HTTPError: 400 Client Error: Bad Request for url: https://patrimar.sharepoint.com/sites/controle/_api/Web/lists/GetByTitle('RetencaoTecnica')/getItemById('361') <br>  <br> During handling of the above exception, another exception occurred: <br>  <br> Traceback (most recent call last): <br>   File ""r:\Conector APP reten tecnica - consulta SAP fin\Entities\dependencies\arguments.py"", line 23, in __start <br>     self.__valid_arguments[selected_argv]() #type: ignore <br>     ^^^^^^^^^^^^^^^^^^^^^^^^^^^^^^^^^^^^^^^ <br>   File ""r:\Conector APP reten tecnica - consulta SAP fin\main.py"", line 52, in start <br>     sharepoint.alterar(file.id, coluna='ConclusaoFinanceiro', valor=file.attribuicao) <br>   File ""r:\Conector APP reten tecnica - consulta SAP fin\Entities\sharepoint.py"", line 118, in alterar <br>     self.__ctx.execute_query() <br>   File ""R:\Conector APP reten tecnica - consulta SAP fin\venv\Lib\site-packages\office365\runtime\client_runtime_context.py"", line 173, in execute_query <br>     self.pending_request().execute_query(qry) <br>   File ""R:\Conector APP reten tecnica - consulta SAP fin\venv\Lib\site-packages\office365\runtime\client_request.py"", line 41, in execute_query <br>     raise ClientRequestException(*e.args, response=e.response) <br> office365.runtime.client_request_exception.ClientRequestException: ('-1, Microsoft.SharePoint.Client.InvalidClientQueryException', ""Cannot convert a primitive value to the expected type 'Edm.DateTime'. See the inner exception for more details."", ""400 Client Error: Bad Request for url: https://patrimar.sharepoint.com/sites/controle/_api/Web/lists/GetByTitle('RetencaoTecnica')/getItemById('361')"") <br> "
14/11/2024 12:39:30;Conector APP Retenção Tecnica;Error;"('-1, Microsoft.SharePoint.Client.InvalidClientQueryException', ""Cannot convert a primitive value to the expected type 'Edm.DateTime'. See the inner exception for more details."", ""400 Client Error: Bad Request for url: https://patrimar.sharepoint.com/sites/controle/_api/Web/lists/GetByTitle('RetencaoTecnica')/getItemById('361')"")";"Traceback (most recent call last): <br>   File ""R:\Conector APP reten tecnica - consulta SAP fin\venv\Lib\site-packages\office365\runtime\client_request.py"", line 37, in execute_query <br>     response = self.execute_request_direct(request) <br>                ^^^^^^^^^^^^^^^^^^^^^^^^^^^^^^^^^^^^ <br>   File ""R:\Conector APP reten tecnica - consulta SAP fin\venv\Lib\site-packages\office365\runtime\client_request.py"", line 101, in execute_request_direct <br>     response.raise_for_status() <br>   File ""R:\Conector APP reten tecnica - consulta SAP fin\venv\Lib\site-packages\requests\models.py"", line 1024, in raise_for_status <br>     raise HTTPError(http_error_msg, response=self) <br> requests.exceptions.HTTPError: 400 Client Error: Bad Request for url: https://patrimar.sharepoint.com/sites/controle/_api/Web/lists/GetByTitle('RetencaoTecnica')/getItemById('361') <br>  <br> During handling of the above exception, another exception occurred: <br>  <br> Traceback (most recent call last): <br>   File ""r:\Conector APP reten tecnica - consulta SAP fin\Entities\dependencies\arguments.py"", line 23, in __start <br>     self.__valid_arguments[selected_argv]() #type: ignore <br>     ^^^^^^^^^^^^^^^^^^^^^^^^^^^^^^^^^^^^^^^ <br>   File ""r:\Conector APP reten tecnica - consulta SAP fin\main.py"", line 52, in start <br>     sharepoint.alterar(file.id, coluna='ConclusaoFinanceiro', valor=file.attribuicao) <br>   File ""r:\Conector APP reten tecnica - consulta SAP fin\Entities\sharepoint.py"", line 118, in alterar <br>     self.__ctx.execute_query() <br>   File ""R:\Conector APP reten tecnica - consulta SAP fin\venv\Lib\site-packages\office365\runtime\client_runtime_context.py"", line 173, in execute_query <br>     self.pending_request().execute_query(qry) <br>   File ""R:\Conector APP reten tecnica - consulta SAP fin\venv\Lib\site-packages\office365\runtime\client_request.py"", line 41, in execute_query <br>     raise ClientRequestException(*e.args, response=e.response) <br> office365.runtime.client_request_exception.ClientRequestException: ('-1, Microsoft.SharePoint.Client.InvalidClientQueryException', ""Cannot convert a primitive value to the expected type 'Edm.DateTime'. See the inner exception for more details."", ""400 Client Error: Bad Request for url: https://patrimar.sharepoint.com/sites/controle/_api/Web/lists/GetByTitle('RetencaoTecnica')/getItemById('361')"") <br> "
14/11/2024 12:42:49;Conector APP Retenção Tecnica;Error;;"Traceback (most recent call last): <br>   File ""r:\Conector APP reten tecnica - consulta SAP fin\Entities\dependencies\arguments.py"", line 23, in __start <br>     self.__valid_arguments[selected_argv]() #type: ignore <br>     ^^^^^^^^^^^^^^^^^^^^^^^^^^^^^^^^^^^^^^^ <br>   File ""r:\Conector APP reten tecnica - consulta SAP fin\main.py"", line 52, in start <br>     sharepoint.alterar(file.id, coluna='ConclusaoFinanceiro', valor=file.attribuicao) <br>     ^^^^^^^^^^ <br>   File ""C:\Users\renan.oliveira\AppData\Local\Programs\Python\Python312\Lib\bdb.py"", line 90, in trace_dispatch <br>     return self.dispatch_line(frame) <br>            ^^^^^^^^^^^^^^^^^^^^^^^^^ <br>   File ""C:\Users\renan.oliveira\AppData\Local\Programs\Python\Python312\Lib\bdb.py"", line 115, in dispatch_line <br>     if self.quitting: raise BdbQuit <br>                       ^^^^^^^^^^^^^ <br> bdb.BdbQuit <br> "
14/11/2024 12:44:40;Conector APP Retenção Tecnica;Error;time data '' does not match format '%d.%m';"Traceback (most recent call last): <br>   File ""r:\Conector APP reten tecnica - consulta SAP fin\Entities\dependencies\arguments.py"", line 23, in __start <br>     self.__valid_arguments[selected_argv]() #type: ignore <br>     ^^^^^^^^^^^^^^^^^^^^^^^^^^^^^^^^^^^^^^^ <br>   File ""r:\Conector APP reten tecnica - consulta SAP fin\main.py"", line 48, in start <br>     if file.esta_pago(): <br>        ^^^^^^^^^^^^^^^^ <br>   File ""r:\Conector APP reten tecnica - consulta SAP fin\Entities\cod_extrator.py"", line 76, in esta_pago <br>     if (self.attribuicao) and (self.__nome_pagador): <br>         ^^^^^^^^^^^^^^^^ <br>   File ""r:\Conector APP reten tecnica - consulta SAP fin\Entities\cod_extrator.py"", line 37, in attribuicao <br>     date = datetime.strptime(self.__attribuicao, '%d.%m').replace(year=datetime.now().year) <br>            ^^^^^^^^^^^^^^^^^^^^^^^^^^^^^^^^^^^^^^^^^^^^^^ <br>   File ""C:\Users\renan.oliveira\AppData\Local\Programs\Python\Python312\Lib\_strptime.py"", line 554, in _strptime_datetime <br>     tt, fraction, gmtoff_fraction = _strptime(data_string, format) <br>                                     ^^^^^^^^^^^^^^^^^^^^^^^^^^^^^^ <br>   File ""C:\Users\renan.oliveira\AppData\Local\Programs\Python\Python312\Lib\_strptime.py"", line 333, in _strptime <br>     raise ValueError(""time data %r does not match format %r"" % <br> ValueError: time data '' does not match format '%d.%m' <br> "
14/11/2024 14:11:46;Conector APP Retenção Tecnica;Concluido;Automação Finalizada com Sucesso!;NoneType: None <br> 
14/11/2024 14:16:30;Conector APP Retenção Tecnica;Concluido;Automação Finalizada com Sucesso!;NoneType: None <br> 
14/11/2024 14:22:16;Conector APP Retenção Tecnica;Concluido;Automação Finalizada com Sucesso!;NoneType: None <br> 
14/11/2024 14:25:46;Conector APP Retenção Tecnica;Concluido;Automação Finalizada com Sucesso!;NoneType: None <br> 
18/11/2024 11:10:56;Conector APP Retenção Tecnica;Error;;"Traceback (most recent call last): <br>   File ""r:\Conector APP reten tecnica - consulta SAP fin\Entities\dependencies\arguments.py"", line 23, in __start <br>     self.__valid_arguments[selected_argv]() #type: ignore <br>     ^^^^^^^^^^^^^^^^^^^^^^^^^^^^^^^^^^^^^^^ <br>   File ""r:\Conector APP reten tecnica - consulta SAP fin\main.py"", line 41, in start <br>     for file in files: <br>                 ^^^^^ <br>   File ""C:\Users\renan.oliveira\AppData\Local\Programs\Python\Python312\Lib\bdb.py"", line 90, in trace_dispatch <br>     return self.dispatch_line(frame) <br>            ^^^^^^^^^^^^^^^^^^^^^^^^^ <br>   File ""C:\Users\renan.oliveira\AppData\Local\Programs\Python\Python312\Lib\bdb.py"", line 115, in dispatch_line <br>     if self.quitting: raise BdbQuit <br>                       ^^^^^^^^^^^^^ <br> bdb.BdbQuit <br> "
18/11/2024 11:19:24;Conector APP Retenção Tecnica;Error;;"Traceback (most recent call last): <br>   File ""r:\Conector APP reten tecnica - consulta SAP fin\Entities\dependencies\arguments.py"", line 23, in __start <br>     self.__valid_arguments[selected_argv]() #type: ignore <br>     ^^^^^^^^^^^^^^^^^^^^^^^^^^^^^^^^^^^^^^^ <br>   File ""r:\Conector APP reten tecnica - consulta SAP fin\main.py"", line 41, in start <br>     for file in files: <br>                 ^^^^^ <br>   File ""C:\Users\renan.oliveira\AppData\Local\Programs\Python\Python312\Lib\bdb.py"", line 90, in trace_dispatch <br>     return self.dispatch_line(frame) <br>            ^^^^^^^^^^^^^^^^^^^^^^^^^ <br>   File ""C:\Users\renan.oliveira\AppData\Local\Programs\Python\Python312\Lib\bdb.py"", line 115, in dispatch_line <br>     if self.quitting: raise BdbQuit <br>                       ^^^^^^^^^^^^^ <br> bdb.BdbQuit <br> "
18/11/2024 11:21:02;Conector APP Retenção Tecnica;Error;(-2147352567, 'Exceção.', (617, 'SAP Frontend Server', 'The virtual key is not enabled.', None, 0, 0), None);"Traceback (most recent call last): <br>   File ""r:\Conector APP reten tecnica - consulta SAP fin\Entities\dependencies\arguments.py"", line 23, in __start <br>     self.__valid_arguments[selected_argv]() #type: ignore <br>     ^^^^^^^^^^^^^^^^^^^^^^^^^^^^^^^^^^^^^^^ <br>   File ""r:\Conector APP reten tecnica - consulta SAP fin\main.py"", line 29, in start <br>     files = FBL1N().consultar_pagamentos(files, delete_plan_excel=False) <br>             ^^^^^^^^^^^^^^^^^^^^^^^^^^^^^^^^^^^^^^^^^^^^^^^^^^^^^^^^^^^^ <br>   File ""r:\Conector APP reten tecnica - consulta SAP fin\Entities\dependencies\sap.py"", line 73, in wrap <br>     result =  f(_self, *args, **kwargs) <br>               ^^^^^^^^^^^^^^^^^^^^^^^^^ <br>   File ""r:\Conector APP reten tecnica - consulta SAP fin\Entities\fbl1n.py"", line 52, in consultar_pagamentos <br>     self.session.findById(""wnd[0]"").sendVKey(16) <br>   File ""<COMObject <unknown>>"", line 2, in sendVKey <br> pywintypes.com_error: (-2147352567, 'Exceção.', (617, 'SAP Frontend Server', 'The virtual key is not enabled.', None, 0, 0), None) <br> "
18/11/2024 11:22:32;Conector APP Retenção Tecnica;Error;(-2147352567, 'Exceção.', (617, 'SAP Frontend Server', 'The virtual key is not enabled.', None, 0, 0), None);"Traceback (most recent call last): <br>   File ""r:\Conector APP reten tecnica - consulta SAP fin\Entities\dependencies\arguments.py"", line 23, in __start <br>     self.__valid_arguments[selected_argv]() #type: ignore <br>     ^^^^^^^^^^^^^^^^^^^^^^^^^^^^^^^^^^^^^^^ <br>   File ""r:\Conector APP reten tecnica - consulta SAP fin\main.py"", line 29, in start <br>     files = FBL1N().consultar_pagamentos(files, delete_plan_excel=False) <br>             ^^^^^^^^^^^^^^^^^^^^^^^^^^^^^^^^^^^^^^^^^^^^^^^^^^^^^^^^^^^^ <br>   File ""r:\Conector APP reten tecnica - consulta SAP fin\Entities\dependencies\sap.py"", line 73, in wrap <br>     result =  f(_self, *args, **kwargs) <br>               ^^^^^^^^^^^^^^^^^^^^^^^^^ <br>   File ""r:\Conector APP reten tecnica - consulta SAP fin\Entities\fbl1n.py"", line 52, in consultar_pagamentos <br>     self.session.findById(""wnd[0]"").sendVKey(16) <br>   File ""<COMObject <unknown>>"", line 2, in sendVKey <br> pywintypes.com_error: (-2147352567, 'Exceção.', (617, 'SAP Frontend Server', 'The virtual key is not enabled.', None, 0, 0), None) <br> "
18/11/2024 11:27:05;Conector APP Retenção Tecnica;Error;(-2147352567, 'Exceção.', (617, 'SAP Frontend Server', 'The virtual key is not enabled.', None, 0, 0), None);"Traceback (most recent call last): <br>   File ""r:\Conector APP reten tecnica - consulta SAP fin\Entities\dependencies\arguments.py"", line 23, in __start <br>     self.__valid_arguments[selected_argv]() #type: ignore <br>     ^^^^^^^^^^^^^^^^^^^^^^^^^^^^^^^^^^^^^^^ <br>   File ""r:\Conector APP reten tecnica - consulta SAP fin\main.py"", line 29, in start <br>     files = FBL1N().consultar_pagamentos(files, delete_plan_excel=False) <br>             ^^^^^^^^^^^^^^^^^^^^^^^^^^^^^^^^^^^^^^^^^^^^^^^^^^^^^^^^^^^^ <br>   File ""r:\Conector APP reten tecnica - consulta SAP fin\Entities\dependencies\sap.py"", line 73, in wrap <br>     result =  f(_self, *args, **kwargs) <br>               ^^^^^^^^^^^^^^^^^^^^^^^^^ <br>   File ""r:\Conector APP reten tecnica - consulta SAP fin\Entities\fbl1n.py"", line 52, in consultar_pagamentos <br>     self.session.findById(""wnd[0]"").sendVKey(16) <br>   File ""<COMObject <unknown>>"", line 2, in sendVKey <br> pywintypes.com_error: (-2147352567, 'Exceção.', (617, 'SAP Frontend Server', 'The virtual key is not enabled.', None, 0, 0), None) <br> "
18/11/2024 11:33:47;Conector APP Retenção Tecnica;Error;(-2147352567, 'Exceção.', (617, 'SAP Frontend Server', 'The virtual key is not enabled.', None, 0, 0), None);"Traceback (most recent call last): <br>   File ""r:\Conector APP reten tecnica - consulta SAP fin\Entities\dependencies\arguments.py"", line 23, in __start <br>     self.__valid_arguments[selected_argv]() #type: ignore <br>     ^^^^^^^^^^^^^^^^^^^^^^^^^^^^^^^^^^^^^^^ <br>   File ""r:\Conector APP reten tecnica - consulta SAP fin\main.py"", line 29, in start <br>     files = FBL1N().consultar_pagamentos(files, delete_plan_excel=False) <br>             ^^^^^^^^^^^^^^^^^^^^^^^^^^^^^^^^^^^^^^^^^^^^^^^^^^^^^^^^^^^^ <br>   File ""r:\Conector APP reten tecnica - consulta SAP fin\Entities\dependencies\sap.py"", line 73, in wrap <br>     result =  f(_self, *args, **kwargs) <br>               ^^^^^^^^^^^^^^^^^^^^^^^^^ <br>   File ""r:\Conector APP reten tecnica - consulta SAP fin\Entities\fbl1n.py"", line 52, in consultar_pagamentos <br>     self.session.findById(""wnd[0]"").sendVKey(16) <br>   File ""<COMObject <unknown>>"", line 2, in sendVKey <br> pywintypes.com_error: (-2147352567, 'Exceção.', (617, 'SAP Frontend Server', 'The virtual key is not enabled.', None, 0, 0), None) <br> "
18/11/2024 12:10:00;Conector APP Retenção Tecnica;Concluido;Automação Finalizada com Sucesso!;NoneType: None <br> 
18/11/2024 12:27:22;Conector APP Retenção Tecnica;Error;;"Traceback (most recent call last): <br>   File ""r:\Conector APP reten tecnica - consulta SAP fin\Entities\dependencies\arguments.py"", line 23, in __start <br>     self.__valid_arguments[selected_argv]() #type: ignore <br>     ^^^^^^^^^^^^^^^^^^^^^^^^^^^^^^^^^^^^^^^ <br>   File ""r:\Conector APP reten tecnica - consulta SAP fin\main.py"", line 41, in start <br>     for file in files: <br>                 ^^^^^ <br>   File ""C:\Users\renan.oliveira\AppData\Local\Programs\Python\Python312\Lib\bdb.py"", line 90, in trace_dispatch <br>     return self.dispatch_line(frame) <br>            ^^^^^^^^^^^^^^^^^^^^^^^^^ <br>   File ""C:\Users\renan.oliveira\AppData\Local\Programs\Python\Python312\Lib\bdb.py"", line 115, in dispatch_line <br>     if self.quitting: raise BdbQuit <br>                       ^^^^^^^^^^^^^ <br> bdb.BdbQuit <br> "
